{
    "classes": [
        {
            "classInfos": [
                {
                    "name": "QML.Element",
                    "value": "auto"
                }
            ],
            "className": "MyPlugin",
            "interfaces": [
                [
                    {
                        "className": "MyInterface",
                        "id": "\"org.example.MyInterface\""
                    }
                ]
            ],
            "methods": [
                {
                    "access": "public",
                    "arguments": [
                        {
                            "name": "pParam",
                            "type": "QString"
                        }
                    ],
                    "name": "run",
                    "returnType": "void"
                },
                {
                    "access": "public",
                    "arguments": [
                        {
                            "name": "pParam",
                            "type": "QString"
                        }
                    ],
                    "name": "test",
                    "returnType": "void"
                }
            ],
            "object": true,
            "qualifiedClassName": "MyPlugin",
            "signals": [
                {
                    "access": "public",
                    "arguments": [
                        {
                            "name": "pParam",
                            "type": "QString"
                        }
                    ],
                    "name": "runInvoked",
                    "returnType": "void"
                },
                {
                    "access": "public",
                    "arguments": [
                        {
                            "name": "pParam",
                            "type": "QString"
                        }
                    ],
                    "name": "testInvoked",
                    "returnType": "void"
                }
            ],
            "superClasses": [
                {
                    "access": "public",
                    "name": "MyInterface"
                }
            ]
        }
    ],
    "inputFile": "myplugin.h",
    "outputRevision": 67
}
