{
    "classes": [
        {
            "className": "MyInterface",
            "object": true,
            "qualifiedClassName": "MyInterface",
            "signals": [
                {
                    "access": "public",
                    "arguments": [
                        {
                            "name": "pParam",
                            "type": "QString"
                        }
                    ],
                    "name": "runInvoked",
                    "returnType": "void"
                }
            ],
            "superClasses": [
                {
                    "access": "public",
                    "name": "QObject"
                }
            ]
        }
    ],
    "inputFile": "MyInterface.h",
    "outputRevision": 67
}
